Manage Graduations,Manage Graduations
Manage UQ Awards,Manage UQ Awards
mySI-net Staff,mySI-net Staff
mySI-net Admin,mySI-net Admin
UQ Support Processes,UQ Support Processes
UQ Manage External Dispatch,UQ Manage External Dispatch
Manage Research Students,Manage Research Students
Manage Research Configuration,Manage Research Configuration
UQ Scholarships and Prizes,UQ Scholarships and Prizes
Self Service,Self Service
Manager Self Service,Manager Self Service
Recruiting,Recruiting
Workforce Administration,Workforce Administration
Benefits,Benefits
Compensation,Compensation
Stock,Stock
Time and Labor,Time and Labor
Payroll for North America,Payroll for North America
Global Payroll & Absence Mgmt,Global Payroll & Absence Mgmt
Payroll Interface,Payroll Interface
Workforce Development,Workforce Development
Organizational Development,Organizational Development
Enterprise Learning,Enterprise Learning
Workforce Monitoring,Workforce Monitoring
Pension,Pension
Campus Community,Campus Community
Student Recruiting,Student Recruiting
Student Admissions,Student Admissions
Records and Enrollment,Records and Enrollment
Curriculum Management,Curriculum Management
Financial Aid,Financial Aid
Student Financials,Student Financials
Student Placements,Student Placements
Academic Advisement,Academic Advisement
Contributor Relations,Contributor Relations
SA Integration Pack,SA Integration Pack
Set Up HRMS,Set Up HRMS
Set Up SACR,Set Up SACR
Enterprise Components,Enterprise Components
Worklist,Worklist
Application Diagnostics,Application Diagnostics
Tree Manager,Tree Manager
Reporting Tools,Reporting Tools
PeopleTools,PeopleTools
PSUnit,PSUnit
Staff Home,Staff Home
Careers,Careers
Usage Monitoring,Usage Monitoring
Change My Password,Change My Password
My Personalizations,My Personalizations
My System Profile,My System Profile
My Dictionary,My Dictionary
My Feeds,My Feeds
My Favorites,My Favorites
My Favorites > Academic Program Table,My Favorites > Academic Program Table
My Favorites > Add/Update a Person,My Favorites > Add/Update a Person
My Favorites > Maintain Applications,My Favorites > Maintain Applications
My Favorites > Search/Match,My Favorites > Search/Match
My Favorites > Student Program/Plan,My Favorites > Student Program/Plan
My Favorites > System Administration,My Favorites > System Administration
My Favorites > Tuition Calculation Controls,My Favorites > Tuition Calculation Controls
My Favorites > UQ Transaction Staging Summary,My Favorites > UQ Transaction Staging Summary
My Favorites > Add to Favorites,My Favorites > Add to Favorites
My Favorites > Edit Favorites,My Favorites > Edit Favorites
Manage Graduations,Manage Graduations
Manage Graduations > Ceremony Assign,Manage Graduations > Ceremony Assign
Manage Graduations > Program Order,Manage Graduations > Program Order
Manage Graduations > Graduations Management,Manage Graduations > Graduations Management
Manage Graduations > Graduations Management > Graduations Management,Manage Graduations > Graduations Management > Graduations Management
Manage Graduations > Graduations Management > Testamur Details,Manage Graduations > Graduations Management > Testamur Details
Manage Graduations > Grad Communication Process,Manage Graduations > Grad Communication Process
Manage Graduations > Graduation Program Booklet,Manage Graduations > Graduation Program Booklet
Manage Graduations > Identify Potential Graduands,Manage Graduations > Identify Potential Graduands
Manage Graduations > Conferral Process,Manage Graduations > Conferral Process
Manage Graduations > Testamur Production,Manage Graduations > Testamur Production
Manage Graduations > Procession Card Production,Manage Graduations > Procession Card Production
Manage Graduations > GAT Production,Manage Graduations > GAT Production
Manage Graduations > Graduation Official Trpt Print,Manage Graduations > Graduation Official Trpt Print
Manage Graduations > Graduations Official eTrpt Prt,Manage Graduations > Graduations Official eTrpt Prt
Manage Graduations > AAT Production,Manage Graduations > AAT Production
Manage Graduations > AHEGS Production,Manage Graduations > AHEGS Production
Manage Graduations > UQADV Statement Production,Manage Graduations > UQADV Statement Production
Manage UQ Awards,Manage UQ Awards
Manage UQ Awards > UQ Awards Configuration,Manage UQ Awards > UQ Awards Configuration
Manage UQ Awards > UQ Awards Configuration > Award Category,Manage UQ Awards > UQ Awards Configuration > Award Category
Manage UQ Awards > UQ Awards Configuration > Configure Awards,Manage UQ Awards > UQ Awards Configuration > Configure Awards
Manage UQ Awards > UQ Awards Configuration > Configure Activities,Manage UQ Awards > UQ Awards Configuration > Configure Activities
Manage UQ Awards > Symposia Attendance,Manage UQ Awards > Symposia Attendance
Manage UQ Awards > Symposia Attendance > Registration Restrictions,Manage UQ Awards > Symposia Attendance > Registration Restrictions
Manage UQ Awards > Symposia Attendance > Verify Symposium Attendance,Manage UQ Awards > Symposia Attendance > Verify Symposium Attendance
Manage UQ Awards > Manage Scheduled Activities,Manage UQ Awards > Manage Scheduled Activities
Manage UQ Awards > Manage Activities,Manage UQ Awards > Manage Activities
Manage UQ Awards > Student Summary,Manage UQ Awards > Student Summary
Manage UQ Awards > Expire Award Attempt,Manage UQ Awards > Expire Award Attempt
mySI-net Staff,mySI-net Staff
mySI-net Staff > Staff Functions,mySI-net Staff > Staff Functions
mySI-net Staff > Staff Functions > Legacy Index Query,mySI-net Staff > Staff Functions > Legacy Index Query
mySI-net Staff > Staff Functions > Legacy System,mySI-net Staff > Staff Functions > Legacy System
mySI-net Staff > Staff Activity,mySI-net Staff > Staff Activity
mySI-net Staff > Staff Activity > Staff Activity Log,mySI-net Staff > Staff Activity > Staff Activity Log
mySI-net Staff > Bulk Functions,mySI-net Staff > Bulk Functions
mySI-net Staff > Bulk Functions > Email by Course,mySI-net Staff > Bulk Functions > Email by Course
mySI-net Staff > Bulk Functions > Email by Program,mySI-net Staff > Bulk Functions > Email by Program
mySI-net Staff > Class SignOn,mySI-net Staff > Class SignOn
mySI-net Staff > Class SignOn > Add Signon Registration,mySI-net Staff > Class SignOn > Add Signon Registration
mySI-net Staff > Class SignOn > Manage Signon Registration,mySI-net Staff > Class SignOn > Manage Signon Registration
mySI-net Staff > Class SignOn > Allocate Students by Class,mySI-net Staff > Class SignOn > Allocate Students by Class
mySI-net Staff > Class SignOn > Allocate Students by Student,mySI-net Staff > Class SignOn > Allocate Students by Student
mySI-net Staff > Class SignOn > Day & Time Enrolment Totals,mySI-net Staff > Class SignOn > Day & Time Enrolment Totals
mySI-net Staff > Grade Upload,mySI-net Staff > Grade Upload
mySI-net Staff > Grade Upload > Grade Upload,mySI-net Staff > Grade Upload > Grade Upload
mySI-net Staff > Grade Upload > Report - My Uploads,mySI-net Staff > Grade Upload > Report - My Uploads
mySI-net Staff > Grade Upload > Report - Course/Subject,mySI-net Staff > Grade Upload > Report - Course/Subject
mySI-net Staff > Staff Other Links > Feedback/Help,mySI-net Staff > Staff Other Links > Feedback/Help
