myPage > Student Home Page,myPage > Student Home Page
myPage > Task Wizard,myPage > Task Wizard
myPage > Studies Report,myPage > Studies Report
myPage > Student Messages,myPage > Student Messages
myPage > UQ Advantage Award History,myPage > UQ Advantage Award History
Personal > Personal Data,Personal > Personal Data
Personal > Addresses,Personal > Addresses
Personal > Telephone Numbers,Personal > Telephone Numbers
Personal > Emergency Contact,Personal > Emergency Contact
Personal > Gender,Personal > Gender
Personal > Title,Personal > Title
Personal > Disability & Support Services,Personal > Disability & Support Services
Personal > Ethnicity & Language,Personal > Ethnicity & Language
Personal > Australian Education Providers,Personal > Australian Education Providers
Personal > Overseas Education Providers,Personal > Overseas Education Providers
Program > Graduation Semester,Program > Graduation Semester
Program > Plans,Program > Plans
Program > Study Load,Program > Study Load
Program > Enrolment Status Report,Program > Enrolment Status Report
Courses > Course Summary,Courses > Course Summary
Courses > View Results,Courses > View Results
Courses > View Course Profile Reports,Courses > View Course Profile Reports
Timetable > Timetable Home Page,Timetable > Timetable Home Page
Financial > Financial Home Page,Financial > Financial Home Page
Financial > Invoice,Financial > Invoice
Financial > Pay My Fees Now,Financial > Pay My Fees Now
Financial > Payments Received,Financial > Payments Received
Financial > Commonwealth Assist Notices,Financial > Commonwealth Assist Notices
Financial > HECS-HELP eCAF,Financial > HECS-HELP eCAF
Financial > SA-HELP eCAF,Financial > SA-HELP eCAF
Financial > Remove SA-HELP Request,Financial > Remove SA-HELP Request
Employability Advantage Award > Award Summary,Employability Advantage Award > Award Summary
Employability Advantage Award > Award History,Employability Advantage Award > Award History
myRequests > myRequests Home Page,myRequests > myRequests Home Page
myRequests > Program Change Request,myRequests > Program Change Request
myRequests > Undergraduate Diploma Request,myRequests > Undergraduate Diploma Request
myRequests > Supplementary Assessment,myRequests > Supplementary Assessment
myRequests > Deferred Examinations Requests,myRequests > Deferred Examinations Requests
Other Links > Site Map,Other Links > Site Map
Other Links > Frequently Asked Questions,Other Links > Frequently Asked Questions
Other Links > Feedback/Help,Other Links > Feedback/Help
