MYFAVORITES,fldra_MYFAVORITES
UQ_MANAGE_GRADUATIONS,fldra_UQ_MANAGE_GRADUATIONS
UQ_MANAGE_AWARDS,fldra_UQ_MANAGE_AWARDS
UQ_MYSINET_STAFF,fldra_UQ_MYSINET_STAFF
UQ_MYSINET_ADMIN,fldra_UQ_MYSINET_ADMIN
UQ_SUPPORT_FOLDER,fldra_UQ_SUPPORT_FOLDER
UQ_DEC_FOLDER,fldra_UQ_DEC_FOLDER
MANAGE_RESEARCH_STUDENTS,fldra_MANAGE_RESEARCH_STUDENTS
MANAGE_RESEARCH_CONFIGURATION,fldra_MANAGE_RESEARCH_CONFIGURATION
UQ_SCHOLARSHIPS_AND_PRIZES,fldra_UQ_SCHOLARSHIPS_AND_PRIZES
CO_EMPLOYEE_SELF_SERVICE,fldra_CO_EMPLOYEE_SELF_SERVICE
CO_MANAGER_SELF_SERVICE,fldra_CO_MANAGER_SELF_SERVICE
HC_RECRUIT_EMPLOYEE,fldra_HC_RECRUIT_EMPLOYEE
HC_WORKFORCE_ADMINISTRATION,fldra_HC_WORKFORCE_ADMINISTRATION
HC_BENEFITS,fldra_HC_BENEFITS
CO_COMPENSATION,fldra_CO_COMPENSATION
HC_STOCK_ADMINISTRATION,fldra_HC_STOCK_ADMINISTRATION
HC_TIME_AND_LABOR1,fldra_HC_TIME_AND_LABOR1
HC_NORTH_AMERICAN_PAYROLL,fldra_HC_NORTH_AMERICAN_PAYROLL
HC_GLOBAL_PAYROLL,fldra_HC_GLOBAL_PAYROLL
HC_PAYROLL_INTERFACE,fldra_HC_PAYROLL_INTERFACE
HC_WORKFORCE_DEVELOPMENT,fldra_HC_WORKFORCE_DEVELOPMENT
HC_ORGANIZATIONAL_DEVELOPMENT,fldra_HC_ORGANIZATIONAL_DEVELOPMENT
CO_ENTERPRISE_LEARNING,fldra_CO_ENTERPRISE_LEARNING
HC_WORKFORCE_MONITORING,fldra_HC_WORKFORCE_MONITORING
HC_PENSION_PLANS,fldra_HC_PENSION_PLANS
HCCC_BUILD_COMMUNITY,fldra_HCCC_BUILD_COMMUNITY
HCAD_ADMISSIONS_RECRUIT,fldra_HCAD_ADMISSIONS_RECRUIT
HCAD_STUDENT_ADMISSIONS,fldra_HCAD_STUDENT_ADMISSIONS
HCSR_RECORDS_AND_REGISTRATION,fldra_HCSR_RECORDS_AND_REGISTRATION
HCSR_CURRICULUM_MANAGEMENT,fldra_HCSR_CURRICULUM_MANAGEMENT
HCCC_ADMINISTER_FINANCIAL_AID,fldra_HCCC_ADMINISTER_FINANCIAL_AID
HCCC_MANAGE_STUDENT_FINANCIALS,fldra_HCCC_MANAGE_STUDENT_FINANCIALS
M9_STUDENT_PLACEMENTS,fldra_M9_STUDENT_PLACEMENTS
HCAA_ACADEMIC_ADVISING,fldra_HCAA_ACADEMIC_ADVISING
HCCC_MANAGE_CONTRIBUTOR_RELATI,fldra_HCCC_MANAGE_CONTRIBUTOR_RELATI
HCSAE_INTEGRATION_PLATFORM,fldra_HCSAE_INTEGRATION_PLATFORM
HC_SETUP_HRMS,fldra_HC_SETUP_HRMS
HCCC_DESIGN_STUDENT_ADMINISTRA,fldra_HCCC_DESIGN_STUDENT_ADMINISTRA
EOCO_MAIN,fldra_EOCO_MAIN
PT_WORKLIST,fldra_PT_WORKLIST
PTDIAGNOSTICS,fldra_PTDIAGNOSTICS
PT_TREE_MANAGER,fldra_PT_TREE_MANAGER
PT_REPORTING_TOOLS,fldra_PT_REPORTING_TOOLS
PT_PEOPLETOOLS,fldra_PT_PEOPLETOOLS
